Sl no,First Name,Last Name,Math,Chemistry,Biology,Computer Science,Sports
1,Añes,Abando,61.897770165,56.5581136844,51.5581136844,66.897770165,1
2,Abdelbari,Abderrahman,68.9255622057,69.1767663563,64.1767663563,73.9255622057,1
3,Abdelkebir,Ableuhov,49.3421550743,50.5392417385,45.5392417385,54.3421550743,0
4,Abdellahi,Abzug,65.0294684735,66.883041154,61.883041154,70.0294684735,1
5,Abdellatif,Aguiar,68.4250830642,86.9112402841,81.9112402841,73.4250830642,1
6,Abdelouahab,Ahern,61.3094608853,68.882714166,63.882714166,66.3094608853,1
7,Abdelouahid,Aicheberger,70.9069511744,69.76925493,64.76925493,75.9069511744,1
8,Abdessalem,Alcivar,76.1666939314,67.9988827589,62.9988827589,81.1666939314,1
9,Abdiel,Aleu,67.5696745922,68.9077741458,63.9077741458,72.5696745922,1
10,Abilio,Alfambra,74.2312809892,55.4440144369,50.4440144369,79.2312809892,1
11,Abrahan,Alliott,80.1866332722,81.8263810539,76.8263810539,85.1866332722,1
12,Adele,Alzamora,76.2942326167,75.9859592467,70.9859592467,81.2942326167,1
13,Adelio,Amuriza,51.6968757526,68.2359356459,63.2359356459,56.6968757526,0
14,Adenso,Andreichin,50.9617441229,73.0878654175,68.0878654175,55.9617441229,0
15,Adria,Anta,70.4740232477,67.1247307892,62.1247307892,75.4740232477,1
16,Adrienn,Antontsev,57.7505935742,66.9818611782,61.9818611782,62.7505935742,0
17,Afshan,Arechaga,62.8245161602,65.2944100442,60.2944100442,67.8245161602,1
18,Aguedo,Arestin,59.4422332577,48.3549311005,43.3549311005,64.4422332577,0
19,Aidan,Arizcun,57.4779628633,55.2732846645,50.2732846645,62.4779628633,0
20,Aiert,Artizov,59.1851932173,66.5896887612,61.5896887612,64.1851932173,0
21,Aintza,Asom,39.1476866808,86.5012674917,81.5012674917,44.1476866808,0
22,Aiping,Atarskikh,47.3270493886,65.3322668139,60.3322668139,52.3270493886,0
23,Aiqin,Avturkhanov,55.0383204024,56.8906521489,51.8906521489,60.0383204024,0
24,Aitor,Azpeitia,62.5084497569,61.5936755222,56.5936755222,67.5084497569,1
25,Aleja,Bachthaler,67.3007748041,61.6468139579,56.6468139579,72.3007748041,1
26,Alek,Backwinkel,75.9877578348,45.6514516848,40.6514516848,80.9877578348,1
27,Alexandros,Baginov,49.51622214,40.6936044043,35.6936044043,54.51622214,0
28,Alexe,Bajov,61.5403397049,64.24686033,59.24686033,66.5403397049,1
29,Alfie,Balabko,61.1570917786,62.3846619593,57.3846619593,66.1570917786,1
30,Alicja,Balsas,75.9572427727,75.6223958659,70.6223958659,80.9572427727,1
31,Aliona,Banha,60.7016531796,60.0377629993,55.0377629993,65.7016531796,1
32,Amsatou,Barragan,65.1416967461,70.3186473815,65.3186473815,70.1416967461,1
33,Anchel,Barthold,72.0880351865,45.9670178128,40.9670178128,77.0880351865,1
34,Andera,Baruch,62.1446992765,54.870397066,49.870397066,67.1446992765,1
35,Andima,Basantes,42.6498863256,85.5410924568,80.5410924568,47.6498863256,0
36,Andrej,Baues,70.6085820483,67.9381467332,62.9381467332,75.6085820483,1
37,Andreu,Baukh,50.5268174905,57.5461678307,52.5461678307,55.5268174905,0
38,Annamae,Bayes,67.0052025589,65.215608088,60.215608088,72.0052025589,1
39,Annie,Bazaga,46.8112323449,60.5694032901,55.5694032901,51.8112323449,0
40,Anqi,Bazilevsky,45.9564563997,80.39827568,75.39827568,50.9564563997,0
41,Ansumana,Beineke,54.7654380504,58.9924097432,53.9924097432,59.7654380504,0
42,Antenor,Benedicto,41.5390041475,74.8400547286,69.8400547286,46.5390041475,0
43,Antton,Berasain,50.9124742979,60.9447472262,55.9447472262,55.9124742979,0
44,Antulio,Bernegg,74.425868579,72.2277858647,67.2277858647,79.425868579,1
45,Araya,Betes,53.3055680565,58.8665345488,53.8665345488,58.3055680565,0
46,Arbi,Beucke,60.8555033103,74.8485936636,69.8485936636,65.8555033103,1
47,Ascendina,Bibitinsky,56.9922299972,80.9699578246,75.9699578246,61.9922299972,0
48,Asel,Blanchart,57.8202566151,57.378260675,52.378260675,62.8202566151,0
49,Asifa,Boavida,67.4311283333,60.9099668705,55.9099668705,72.4311283333,1
50,Asim,Bobet,55.1314661447,51.1015317187,46.1015317187,60.1314661447,0
51,Assia,Boday,56.8923038119,78.6697963992,73.6697963992,61.8923038119,0
52,Audaz,Boeckenholt,37.5409456565,53.5332192624,48.5332192624,42.5409456565,0
53,Aurelija,Bongarz,43.9975679725,59.0379756713,54.0379756713,48.9975679725,0
54,Aurelijus,Boudet,67.4537632141,72.2054865504,67.2054865504,72.4537632141,1
55,Auritz,Bounoua,64.7176948042,61.7642766477,56.7642766477,69.7176948042,1
56,Azddine,Breining,49.2425158942,64.9478138366,59.9478138366,54.2425158942,0
57,Bakr,Brickenstein,47.3516691542,89.3134669789,84.3134669789,52.3516691542,0
58,Basem,Brisa,53.1056057065,80.3000808648,75.3000808648,58.1056057065,0
59,Bassima,Brochado,63.8818058517,63.4401308791,58.4401308791,68.8818058517,1
60,Bastiaan,Bryan,65.8403157615,59.8868561314,54.8868561314,70.8403157615,1
61,Batiste,Buecheler,58.6050049658,48.4356856056,43.4356856056,63.6050049658,0
62,Benaisa,Bujosa,48.5318859688,66.7842730344,61.7842730344,53.5318859688,0
63,Benedicto,Bungard,58.7843216555,65.5751011665,60.5751011665,63.7843216555,0
64,Benildo,Bunnagel,66.507540724,46.373020655,41.373020655,71.507540724,1
65,Bettye,Burckardt,52.2818582723,73.7898175028,68.7898175028,57.2818582723,0
66,Bilaly,Cañadell,50.9146589212,74.8344666544,69.8344666544,55.9146589212,0
67,Birame,Cabriada,58.8358013958,66.937963925,61.937963925,63.8358013958,0
68,Birger,Cagigas,52.405901194,62.5559374711,57.5559374711,57.405901194,0
69,Blanca,Caillaud,58.3581372815,71.9172087499,66.9172087499,63.3581372815,0
70,Boarisch,Cairos,66.2346678918,65.8087338975,60.8087338975,71.2346678918,1
71,Bogumil,Calvario,67.4542575356,65.9747724529,60.9747724529,72.4542575356,1
72,Bouchaib,Camphausen,75.6823782105,72.2228404231,67.2228404231,80.6823782105,1
73,Bozhana,Canon,61.3575541433,69.3181915159,64.3181915159,66.3575541433,1
74,Brahian,Canto,75.7553380457,59.6917873986,54.6917873986,80.7553380457,1
75,Brahin,Cariño,56.3965508211,71.1246462146,66.1246462146,61.3965508211,0
76,Branda,Carrola,53.8724342083,41.9627821243,36.9627821243,58.8724342083,0
77,Carolann,Carta,78.3705088977,60.2916295585,55.2916295585,83.3705088977,1
78,Carolino,Casademunt,52.0051662915,67.9106623098,62.9106623098,57.0051662915,0
79,Celinda,Caubilla,55.31928365,63.6563361521,58.6563361521,60.31928365,0
80,Celsa,Cerqueiras,55.0718727621,68.7870405788,63.7870405788,60.0718727621,0
81,Charlesetta,Chambuca,71.9236489242,84.0902216496,79.0902216496,76.9236489242,1
82,Chelsea,Chicoria,74.7797724987,71.2362397444,66.2362397444,79.7797724987,1
83,Chelsie,Chinchilla,62.5593217465,68.8852182845,63.8852182845,67.5593217465,1
84,Cherno,Chinea,42.9326442257,75.5639551917,70.5639551917,47.9326442257,0
85,Chieko,Cifres,72.8673812377,54.3200647333,49.3200647333,77.8673812377,1
86,Chrystian,Clerici,65.9388631131,58.7000347604,53.7000347604,70.9388631131,1
87,Chuan,Cofreces,56.9285550295,80.3798022006,75.3798022006,61.9285550295,0
88,Chunhua,Colmena,52.4593244801,57.3979110438,52.3979110438,57.4593244801,0
89,Ciaran,Colombier,80.4119840519,55.6686406298,50.6686406298,85.4119840519,1
90,Cicero,Combarros,56.1157600854,69.8260155886,64.8260155886,61.1157600854,0
91,Cilene,Conforme,56.6574545773,81.28905582,76.28905582,61.6574545773,0
92,Cinthia,Contrasta,59.0205309318,68.1409781729,63.1409781729,64.0205309318,0
93,Cinto,Cortizo,61.9537613242,60.2435408953,55.2435408953,66.9537613242,1
94,Clarencio,Cuni,54.480383904,72.8018403591,67.8018403591,59.480383904,0
95,Claretha,D'Andrea,54.1474605829,57.372231142,52.372231142,59.1474605829,0
96,Clementina,Damiens,62.9820608025,58.5570253901,53.5570253901,67.9820608025,1
97,Clio,Dardyrenko,66.8322982777,59.0019684818,54.0019684818,71.8322982777,1
98,Codou,De Groot,68.1987789062,69.9559498665,64.9559498665,73.1987789062,1
99,Colon,Deeley,50.4621085441,64.5016263507,59.5016263507,55.4621085441,0
100,Columba,Deriks,67.9300256121,68.5430129473,63.5430129473,72.9300256121,1
101,Conrada,Dewies,53.9511905997,38.6366699781,33.6366699781,58.9511905997,0
102,Contemplacion,Di Pietro,45.7208657681,75.6634536519,70.6634536519,50.7208657681,0
103,Cortijo,Didenko,61.5016783806,69.3934372686,64.3934372686,66.5016783806,1
104,Cuiping,Diehle,60.9230208709,63.9449906053,58.9449906053,65.9230208709,1
105,Custodio,Diwan,48.2754937844,63.1115644838,58.1115644838,53.2754937844,0
106,Czeslaw,Dobrotvortsev,78.7432220424,62.6755564015,57.6755564015,83.7432220424,1
107,Daina,Dominici,69.6264062465,66.563349801,61.563349801,74.6264062465,1
108,Dalmira,Donoso,59.8964391402,67.7725412937,62.7725412937,64.8964391402,0
109,Daron,Dontsov,74.0490581996,58.9268744558,53.9268744558,79.0490581996,1
110,Daymara,Driouch,65.2814482631,65.8505653981,60.8505653981,70.2814482631,1
111,Deiby,Drojdin,57.1171456457,73.7106006177,68.7106006177,62.1171456457,0
112,Desmond,Dudnik,62.0109118235,62.6619630906,57.6619630906,67.0109118235,1
113,Dierdre,Dumann,61.3401660209,57.3023471512,52.3023471512,66.3401660209,1
114,Dilia,Dumon,54.7338000509,57.46328331,52.46328331,59.7338000509,0
115,Dinara,Dunnhaupt,60.1314125818,80.3448644235,75.3448644235,65.1314125818,1
116,Dobri,Dutto,61.6144899445,56.4240977415,51.4240977415,66.6144899445,1
117,Dominador,Eatherington,54.8888707715,75.1961931809,70.1961931809,59.8888707715,0
118,Dorathy,Ebrecht,69.9980892761,69.332396375,64.332396375,74.9980892761,1
119,Dorcas,Edgar,68.3536255512,67.1035216413,62.1035216413,73.3536255512,1
120,Dorys,Edmonds,70.3312588252,72.9933941825,67.9933941825,75.3312588252,1
121,Draguta,Eichbauer,58.5062121344,58.8597109848,53.8597109848,63.5062121344,0
122,Duarte,Eikhengolts,59.2105162128,73.2938554332,68.2938554332,64.2105162128,0
123,Edi,El Khattab,73.3879501361,64.7959480529,59.7959480529,78.3879501361,1
124,Edina,Elio,45.2783530729,49.8490789145,44.8490789145,50.2783530729,0
125,Edorta,Ellam,71.8712007345,64.9003366303,59.9003366303,76.8712007345,1
126,Eduar,Empacher,61.5084371036,72.2081287389,67.2081287389,66.5084371036,1
127,Edyth,Ersen,70.716655814,57.2384437338,52.2384437338,75.716655814,1
128,Efosa,Escourido,58.8450180333,56.5935412753,51.5935412753,63.8450180333,0
129,Eileen,Esquinas,76.7744012425,72.3580531991,67.3580531991,81.7744012425,1
130,Elenka,Eyre,52.0901382254,64.530934489,59.530934489,57.0901382254,0
131,Eligia,Fages,55.5309994205,57.3503402882,52.3503402882,60.5309994205,0
132,Elisete,Fahrenholtz,62.8188185717,48.3383137241,43.3383137241,67.8188185717,1
133,Elizabe,Fanget,56.5198892539,78.027669684,73.027669684,61.5198892539,0
134,Elm,Fantuzzi,52.4914849102,59.4105864691,54.4105864691,57.4914849102,0
135,Elyse,Farrant,53.958113273,66.2587931175,61.2587931175,58.958113273,0
136,Emerencia,Faux,69.9124020335,46.7108292648,41.7108292648,74.9124020335,1
137,Epigmenio,Ferdinand,67.6894810902,72.739757378,67.739757378,72.6894810902,1
138,Ermila,Ferralho,59.3903358217,76.9514935639,71.9514935639,64.3903358217,0
139,Esclavitud,Filella,64.8090623742,66.5072268432,61.5072268432,69.8090623742,1
140,Estefania,Fitoussi,66.1329674545,67.8629788054,62.8629788054,71.1329674545,1
141,Estitxu,Floris,59.2865132506,66.4106446859,61.4106446859,64.2865132506,0
142,Estuardo,Fockert,66.0043332367,62.9604060613,57.9604060613,71.0043332367,1
143,Eugen,Foecking,59.1402934152,95.8101265539,90.8101265539,64.1402934152,0
144,Eurico,Fradejas,68.0608297552,44.5710401724,39.5710401724,73.0608297552,1
145,Eutropia,Frankenreiter,68.6021290673,73.6695961763,68.6695961763,73.6021290673,1
146,Farhad,Fresz,78.6799973601,71.2771590778,66.2771590778,83.6799973601,1
147,Fatim,Gachet,50.576424681,77.4612874805,72.4612874805,55.576424681,0
148,Fawzia,Gaivoo,57.8202097553,85.8843453254,80.8843453254,62.8202097553,0
149,Felicinda,Galende,68.505146043,68.4995999221,63.4995999221,73.505146043,1
150,Fernanda,Galhardos,64.0119123165,63.3738469437,58.3738469437,69.0119123165,1
151,Fior,Gan,69.5356729842,64.3970382895,59.3970382895,74.5356729842,1
152,Flor,Garbin,62.8940596679,59.5582175321,54.5582175321,67.8940596679,1
153,Florinel,Garcia Abad,31.8153312895,52.3266684766,47.3266684766,36.8153312895,0
154,Fructuosa,Garitano-Eduegi,63.2697129786,65.2522787872,60.2522787872,68.2697129786,1
155,Gabi,Garros,49.7676281331,53.5975415583,48.5975415583,54.7676281331,0
156,Garret,Geerdtz,61.0296308056,64.7737514044,59.7737514044,66.0296308056,1
157,Gaudencia,Gehrike,69.7441661976,73.9096786865,68.9096786865,74.7441661976,1
158,Genica,Geht,64.8762742303,65.4642792947,60.4642792947,69.8762742303,1
159,Gennaro,Geissendorfer,50.8477590418,72.0953462416,67.0953462416,55.8477590418,0
160,Genoveva,Gila,63.8887111305,92.491344504,87.491344504,68.8887111305,1
161,Geovanni,Girbes,55.0778884252,63.537979049,58.537979049,60.0778884252,0
162,Gertha,Glasko,68.418914013,73.970931837,68.970931837,73.418914013,1
163,Ghailan,Glavatskih,45.138589403,63.5346625162,58.5346625162,50.138589403,0
164,Gilles,Glinsk,45.8593766097,56.0919954051,51.0919954051,50.8593766097,0
165,Gleb,Glover,45.6840981892,68.5393674903,63.5393674903,50.6840981892,0
166,Graças,Goetze,60.8972914916,74.0522562427,69.0522562427,65.8972914916,1
167,Grau,Golomolzin,51.897807586,64.463606343,59.463606343,56.897807586,0
168,Grecia,Gorzyck,55.5168847509,63.745308282,58.745308282,60.5168847509,0
169,Grettel,Gosejacob,55.8539723097,60.6025743945,55.6025743945,60.8539723097,0
170,Gudrun,Gottschald,56.8594647809,61.0159181593,56.0159181593,61.8594647809,0
171,Gurjit,Grazia,61.3253060921,68.2487134892,63.2487134892,66.3253060921,1
172,Hai,Greene,59.8557397293,73.4484054989,68.4484054989,64.8557397293,0
173,Haitham,Gregorius,69.8778281539,76.0959400463,71.0959400463,74.8778281539,1
174,Hajer,Grisales,52.3448885581,72.504244368,67.504244368,57.3448885581,0
175,Hala,Groene,50.7957347766,55.5823055442,50.5823055442,55.7957347766,0
176,Hamdi,Gryc,66.1554154851,47.6944114851,42.6944114851,71.1554154851,1
177,Hanin,Gudermann,43.2337998421,73.6020299312,68.6020299312,48.2337998421,0
178,Haritz,Guizan,65.1799356027,68.1969732114,63.1969732114,70.1799356027,1
179,Hasnia,Gunster,55.1294955826,64.5095857137,59.5095857137,60.1294955826,0
180,Haydee,Gunther,69.97791255,83.2408573008,78.2408573008,74.97791255,1
181,Hayet,Gurack,68.903397172,45.0158666279,40.0158666279,73.903397172,1
182,Hien,Haederich,50.7985981666,65.6730744174,60.6730744174,55.7985981666,0
183,Hira,Haferkamp,64.3926273511,78.4866057175,73.4866057175,69.3926273511,1
184,Hirune,Haggenmuller,62.1972322242,68.4286281958,63.4286281958,67.1972322242,1
185,Hortensio,Hardebusch,49.3204377612,60.1951431491,55.1951431491,54.3204377612,0
186,Huixin,Has,49.2501488733,67.5643833788,62.5643833788,54.2501488733,0
187,Humbelina,Haverkock,66.6454459098,59.0444060925,54.0444060925,71.6454459098,1
188,Ibeth,Hedin,55.1303632736,55.8848528606,50.8848528606,60.1303632736,0
189,Ibis,Heintschel,55.0443214136,89.034054887,84.034054887,60.0443214136,0
190,Ibou,Helmingdirks,64.8731746415,70.9088831687,65.9088831687,69.8731746415,1
191,Ildara,Hennekes,74.3917256906,75.5009891305,70.5009891305,79.3917256906,1
192,Ilya,Heusler,79.5149656126,69.458000336,64.458000336,84.5149656126,1
193,Ilyan,Hienle,63.7566046506,70.2934052118,65.2934052118,68.7566046506,1
194,Imelda,Hills,64.5646371893,67.2592195465,62.2592195465,69.5646371893,1
195,Inasse,Hismatulov,67.68059048,86.3710132341,81.3710132341,72.68059048,1
196,Irakli,Hofeman,71.1384724948,38.5481753476,33.5481753476,76.1384724948,1
197,Iratze,Hoferle,58.7827677951,62.8463457045,57.8463457045,63.7827677951,0
198,Iride,Holterbosch,71.216851138,72.9426384445,67.9426384445,76.216851138,1
199,Itzan,Holzenkamp,71.1966177731,68.7610126672,63.7610126672,76.1966177731,1
200,Izascun,Hopfgartner,70.8034476978,49.6475041897,44.6475041897,75.8034476978,1
201,Jacinto,Horohorkin,46.6115312004,54.7879267801,49.7879267801,51.6115312004,0
202,Jacoba,Huppe,75.9820690714,80.9279082267,75.9279082267,80.9820690714,1
203,Jacque,Ilenseer,54.2565343235,59.5505922861,54.5505922861,59.2565343235,0
204,Jad,Inostroza,64.300203443,47.0302449216,42.0302449216,69.300203443,1
205,Janeth,Irazbiribil,44.9573503746,47.1677708135,42.1677708135,49.9573503746,0
206,Janna,Irimia,56.0228301449,73.1610378209,68.1610378209,61.0228301449,0
207,Jarnail,Iseli,60.4396507338,59.5587500771,54.5587500771,65.4396507338,1
208,Jaye,Iturzaeta,60.4921673823,65.1277905977,60.1277905977,65.4921673823,1
209,Jayro,Ivkovic,64.4514172236,73.2760697691,68.2760697691,69.4514172236,1
210,Jemima,Jahnenko,50.8099364482,67.9544337369,62.9544337369,55.8099364482,0
211,Jenniffer,Jaio,87.0356336361,54.3820062847,49.3820062847,92.0356336361,1
212,Jhonier,Jandutkin,56.8820836166,75.5312102668,70.5312102668,61.8820836166,0
213,Jiani,Jankowsky,50.5219050313,66.293037897,61.293037897,55.5219050313,0
214,Jochen,Jigily,60.7306748487,61.4695290954,56.4695290954,65.7306748487,1
215,Joita,Joannes,52.935279973,77.8153940694,72.8153940694,57.935279973,0
216,Jorda,Juanatey,59.4315362175,87.7481162128,82.7481162128,64.4315362175,0
217,Josee,Juhl,52.2563729334,61.9109801193,56.9109801193,57.2563729334,0
218,Joye,Jukhtman,50.9015644524,66.1940873807,61.1940873807,55.9015644524,0
219,Juliann,Jukhvidov,48.6894837496,53.3715564285,48.3715564285,53.6894837496,0
220,Juliano,Kachinsky,55.8473780459,59.0483344147,54.0483344147,60.8473780459,0
221,Julien,Kalesnik,65.9900068957,58.5912742629,53.5912742629,70.9900068957,1
222,Julisa,Kalinnikov,72.387051617,72.9284031932,67.9284031932,77.387051617,1
223,Jung,Kalitinkin,54.3711961546,68.6473043257,63.6473043257,59.3711961546,0
224,Kaitlyn,Kartomyshev,54.9659729573,68.0826201507,63.0826201507,59.9659729573,0
225,Kala,Kaske,78.7032763972,67.2464230426,62.2464230426,83.7032763972,1
226,Karapet,Keefe,51.567102863,60.2378334916,55.2378334916,56.567102863,0
227,Karem,Kerstein,69.3023054322,61.3914937078,56.3914937078,74.3023054322,1
228,Kathy,Keshav,61.2761541832,66.4844619596,61.4844619596,66.2761541832,1
229,Kathyrn,Klime,49.0892291631,57.4855381376,52.4855381376,54.0892291631,0
230,Katie,Knocks,44.250988091,67.0645099556,62.0645099556,49.250988091,0
231,Kauan,Kohlschmitt,50.6637032815,53.9310529223,48.9310529223,55.6637032815,0
232,Kena,Kohwagner,55.7886306468,78.1268734242,73.1268734242,60.7886306468,0
233,Kewal,Korbel,56.9846135247,72.1636466655,67.1636466655,61.9846135247,0
234,Khadre,Korz,60.2394191011,59.9749045014,54.9749045014,65.2394191011,1
235,Khawla,Kostlin,52.403079425,78.4349535587,73.4349535587,57.403079425,0
236,Khizar,Koumanidis,58.4068875593,73.3807846707,68.3807846707,63.4068875593,0
237,Khlifia,Kram,76.0368676196,73.0094198085,68.0094198085,81.0368676196,1
238,Khrystyna,Krasny,72.7150738128,58.10750337,53.10750337,77.7150738128,1
239,Kiko,Krhovsky,46.3525624629,52.5234938218,47.5234938218,51.3525624629,0
240,Kristen,Kristen,65.4599217599,80.0939899838,75.0939899838,70.4599217599,1
241,Krysten,Kunzler,67.0766938845,64.5668845645,59.5668845645,72.0766938845,1
242,Krystin,Kupietz,31.2016018977,60.0436065764,55.0436065764,36.2016018977,0
243,Kum,LIX,47.2060850821,61.436692108,56.436692108,52.2060850821,0
244,Lahouaria,Lacamara,76.816269571,71.0631397306,66.0631397306,81.816269571,1
245,Lakbira,Lair,44.7950180546,66.8578170001,61.8578170001,49.7950180546,0
246,Lamonica,Langbroek,52.7009503245,51.3373705953,46.3373705953,57.7009503245,0
247,Lanette,Langdon,52.0400390272,78.8613101822,73.8613101822,57.0400390272,0
248,Lang,Langman,67.895565297,57.1205676463,52.1205676463,72.895565297,1
249,Lanie,Lanzl,50.784806374,66.6035677267,61.6035677267,55.784806374,0
250,Lasha,Laue,63.9609267366,72.2215679509,67.2215679509,68.9609267366,1
251,Lashawna,Leadley,55.2621650161,69.2210520034,64.2210520034,60.2621650161,0
252,Laurene,Lejikov,78.2946153143,62.8542855988,57.8542855988,83.2946153143,1
253,Laziz,Lereu,61.2748779115,83.544759768,78.544759768,66.2748779115,1
254,Leatrice,Leura,56.7302427049,59.7250584286,54.7250584286,61.7302427049,0
255,Lenora,Leyen,51.8266723804,83.5005720031,78.5005720031,56.8266723804,0
256,Leonor,Lijo,66.9730615412,67.172478144,62.172478144,71.9730615412,1
257,Leroy,Limeres,78.9576213563,52.5039079353,47.5039079353,83.9576213563,1
258,Les,Linaza,45.183775489,52.9364686383,47.9364686383,50.183775489,0
259,Levan,Lindschulte,45.9947709472,48.6762388199,43.6762388199,50.9947709472,0
260,Levent,Locker,49.7046612325,53.9482694144,48.9482694144,54.7046612325,0
261,Lhoussaine,Loechner,71.4807290513,84.1791110506,79.1791110506,76.4807290513,1
262,Licinia,Lorez,42.0758561834,63.0425099916,58.0425099916,47.0758561834,0
263,Lila,Lotman,77.1388352608,71.7957696807,66.7957696807,82.1388352608,1
264,Lilya,Love,65.1994213212,61.8016093208,56.8016093208,70.1994213212,1
265,Limberg,Lungu,79.9974160752,66.1386419383,61.1386419383,84.9974160752,1
266,Liz,Lurberri,64.9753414456,55.9833750374,50.9833750374,69.9753414456,1
267,Lizhen,Lutteken,65.3900759922,54.9400018966,49.9400018966,70.3900759922,1
268,Lonny,Luzzi,63.0266733312,74.4600283499,69.4600283499,68.0266733312,1
269,Lorita,Madroñal,56.4488262302,70.4625675074,65.4625675074,61.4488262302,0
270,Lottie,Maeurer,57.1571093521,72.301310009,67.301310009,62.1571093521,0
271,Lovely,Magueta,73.5436592389,72.3351968718,67.3351968718,78.5436592389,1
272,Lucelly,Maia,52.8785944984,64.6437365977,59.6437365977,57.8785944984,0
273,Lucila,Majcke,57.8885390488,51.7125673977,46.7125673977,62.8885390488,0
274,Lucineia,Mala,29.1165858129,56.291484387,51.291484387,34.1165858129,0
275,Lucineide,Malafa,42.8608424844,56.2651803028,51.2651803028,47.8608424844,0
276,Madelen,Mangnall,68.4562376133,65.1422830133,60.1422830133,73.4562376133,1
277,Madelene,Maresca,64.6088621343,67.8051158901,62.8051158901,69.6088621343,1
278,Maffeo,Margolles,32.3477032275,51.2930723632,46.2930723632,37.3477032275,0
279,Maisaa,Marini,69.3216069122,59.725065146,54.725065146,74.3216069122,1
280,Maitane,Marrufo,71.0066719274,57.9235494653,52.9235494653,76.0066719274,1
281,Maksym,Martijn,35.0003801451,75.1558550113,70.1558550113,40.0003801451,0
282,Malin,Martin De Eugenio,57.6263100543,73.2631766911,68.2631766911,62.6263100543,0
283,Malva,Martinez De Marañon,71.9379206818,71.761659341,66.761659341,76.9379206818,1
284,Mama,Masramon,68.7403398501,69.4490222278,64.4490222278,73.7403398501,1
285,Mamoun,Mauschel,58.0869670778,48.3369299026,43.3369299026,63.0869670778,0
286,Manfredo,Mbacke,61.9303016815,63.2203971394,58.2203971394,66.9303016815,1
287,Manju,Mckay,59.9843010204,84.1020537696,79.1020537696,64.9843010204,0
288,Maren,Mellen,69.8122317772,67.7558269058,62.7558269058,74.8122317772,1
289,Margarit,Mendia,48.4480205765,57.8708038698,52.8708038698,53.4480205765,0
290,Marguerite,Menuchin,47.0489309079,53.383674101,48.383674101,52.0489309079,0
291,Marilynn,Middelborn,59.0711290835,59.2027704836,54.2027704836,64.0711290835,0
292,Marino,Mihaltsov,67.0253678438,63.6793969008,58.6793969008,72.0253678438,1
293,Marinov,Milani,47.6531933141,73.5808154226,68.5808154226,52.6531933141,0
294,Mariona,Miniatua,33.3412029237,66.4372967748,61.4372967748,38.3412029237,0
295,Martina,Mokritsky,57.3434547338,81.2455446032,76.2455446032,62.3434547338,0
296,Marx,Morens,58.6050783239,74.256737593,69.256737593,63.6050783239,0
297,Maryem,Morillas,43.9044880359,76.2005244006,71.2005244006,48.9044880359,0
298,Massin,Murelaga,53.5819791393,50.9691637873,45.9691637873,58.5819791393,0
299,Matheus,Musaev,52.3302405641,67.0540367075,62.0540367075,57.3302405641,0
300,Maximina,Muskaria,52.4555937747,56.1629602345,51.1629602345,57.4555937747,0
301,Mecedes,Naimesh,41.3181128596,79.6917027896,74.6917027896,46.3181128596,0
302,Medarda,Narayan,57.5505310848,70.8965127423,65.8965127423,62.5505310848,0
303,Medou,Nesme,49.2127300427,62.7551699246,57.7551699246,54.2127300427,0
304,Mehrdad,Nevis,60.5891535825,49.4222289221,44.4222289221,65.5891535825,1
305,Merrilee,Nitzsche,71.4265942296,74.6189707195,69.6189707195,76.4265942296,1
306,Mfedal,Noldes,65.733891022,53.7889776734,48.7889776734,70.733891022,1
307,Mihaela,Nolli,46.3620393443,63.6065483473,58.6065483473,51.3620393443,0
308,Mihail,Oehmigen,56.1097065826,61.5221276674,56.5221276674,61.1097065826,0
309,Mijael,Ojea,49.4938045934,68.0508513132,63.0508513132,54.4938045934,0
310,Miladys,Oldenhage,57.9746336357,82.6525176208,77.6525176208,62.9746336357,0
311,Miley,Ollero,71.1933995299,62.2843600158,57.2843600158,76.1933995299,1
312,Milvia,Olveira,64.3496046754,86.8926053081,81.8926053081,69.3496046754,1
313,Mitica,Onenko,37.2239029377,85.6600200076,80.6600200076,42.2239029377,0
314,Moneyba,Oppenheimer,60.9070088604,65.9592020997,60.9592020997,65.9070088604,1
315,Montsant,Orquidea,72.5137775949,67.4892462482,62.4892462482,77.5137775949,1
316,Morten,Orun,62.8494617217,77.9961488969,72.9961488969,67.8494617217,1
317,Mory,Osenbrugge,56.392008983,54.8730740391,49.8730740391,61.392008983,0
318,Moufida,Ouadah,53.580247069,62.9457623612,57.9457623612,58.580247069,0
319,Mubashir,Outumuro,39.600268767,58.976799677,53.976799677,44.600268767,0
320,Munia,Paisan,56.9276417417,76.8258008606,71.8258008606,61.9276417417,0
321,Mykhailo,Parente,68.7223796927,57.0459775529,52.0459775529,73.7223796927,1
322,Myong,Paucar,68.1464623038,46.000870882,41.000870882,73.1464623038,1
323,Nafissa,Pavi,54.5698095141,74.1191206853,69.1191206853,59.5698095141,0
324,Nahim,Peñaloza,67.6713437195,59.3537984012,54.3537984012,72.6713437195,1
325,Nao,Pelosi,55.4350402642,53.2729166737,48.2729166737,60.4350402642,0
326,Nasser,Peralba,53.1347264601,55.8495577638,50.8495577638,58.1347264601,0
327,Natashia,Pereira,38.8429910685,56.8158952286,51.8158952286,43.8429910685,0
328,Nathan,Perner,63.3603915967,60.0827504038,55.0827504038,68.3603915967,1
329,Navneet,Peruri,57.1807904937,58.8637603115,53.8637603115,62.1807904937,0
330,Nayem,Petrache,75.5408087942,71.6490330317,66.6490330317,80.5408087942,1
331,Neeltje,Petronilho,59.0899815925,58.3379697748,53.3379697748,64.0899815925,0
332,Neizan,Picassinos,67.0772011156,62.4579245253,57.4579245253,72.0772011156,1
333,Nelsa,Piel,40.4924643861,89.7045475087,84.7045475087,45.4924643861,0
334,Neo,Pilgram,72.8805976652,65.7653211828,60.7653211828,77.8805976652,1
335,Nerea,Pinho,46.589479479,61.8642355894,56.8642355894,51.589479479,0
336,Nichole,Pinyol,65.3147741584,62.8492575678,57.8492575678,70.3147741584,1
337,Nickolas,Pisa,74.0177493015,67.0086186169,62.0086186169,79.0177493015,1
338,Nickole,Platas,69.1517066818,60.1517659339,55.1517659339,74.1517066818,1
339,Noema,Pocino,70.0259123914,52.1320297722,47.1320297722,75.0259123914,1
340,Nola,Prost,70.2368553036,51.8516803476,46.8516803476,75.2368553036,1
341,Nosakhare,Puentes,61.1248711751,73.4646270363,68.4646270363,66.1248711751,1
342,Nuño,Puschen,64.0009385569,76.7013491454,71.7013491454,69.0009385569,1
343,Oilda,Pyankov,69.3251173505,74.9642590395,69.9642590395,74.3251173505,1
344,Ola,Quartieri,79.0832617814,61.1917822216,56.1917822216,84.0832617814,1
345,Oleta,Raghavendran,71.249298777,76.2811619824,71.2811619824,76.249298777,1
346,Oreto,Raible,56.8034055477,68.465497054,63.465497054,61.8034055477,0
347,Oriana,Raissouni,70.2329914958,58.0205833198,53.0205833198,75.2329914958,1
348,Ornella,Raloff,70.4305755607,70.1857696075,65.1857696075,75.4305755607,1
349,Orosio,Rambaud,64.5596229118,68.8931364616,63.8931364616,69.5596229118,1
350,Otilia,Ravn,52.014882518,71.2176890242,66.2176890242,57.014882518,0
351,Ottavio,Reid,90.986142407,60.849084818,55.849084818,95.986142407,1
352,Ouali,Renskov,53.7924056544,59.7318528598,54.7318528598,58.7924056544,0
353,Ouissam,Respaldiza,37.7042966862,55.8282562389,50.8282562389,42.7042966862,0
354,Parasca,Retana,41.4046734373,54.6930012552,49.6930012552,46.4046734373,0
355,Parvez,Reveron,61.6750967819,61.5390555482,56.5390555482,66.6750967819,1
356,Paulina,Richardt,61.8684061319,62.8925289216,57.8925289216,66.8684061319,1
357,Paz,Rieffel,31.389432724,58.6161064175,53.6161064175,36.389432724,0
358,Pelegrin,Rierola,52.1466364411,65.5241537474,60.5241537474,57.1466364411,0
359,Pompei,Rodriguez De Guzman,62.0990758721,46.808329383,41.808329383,67.0990758721,1
360,Potenciana,Rolfing,71.843828743,54.1243886723,49.1243886723,76.843828743,1
361,Priya,Romans,61.7620573567,76.7083811687,71.7083811687,66.7620573567,1
362,Proceso,Ronco,48.1831085291,77.7812345764,72.7812345764,53.1831085291,0
363,Qiumei,Rosi,64.3908020138,70.295901059,65.295901059,69.3908020138,1
364,Rabiaa,Roussel,65.611228531,52.4383033991,47.4383033991,70.611228531,1
365,Rabih,Rovnev,68.9411188184,70.7700380787,65.7700380787,73.9411188184,1
366,Radovan,Ruesgas,65.5797322501,64.3430730752,59.3430730752,70.5797322501,1
367,Rahhal,Ryjanov,79.5839223517,58.2859809164,53.2859809164,84.5839223517,1
368,Raimondas,Rymartz,67.1520222409,75.8709991165,70.8709991165,72.1520222409,1
369,Raleigh,Sanchez Gallego,52.9008386116,76.6309782986,71.6309782986,57.9008386116,0
370,Ramatoulaye,Sanmillan,83.0865334452,56.5493399236,51.5493399236,88.0865334452,1
371,Rebeka,Santirso,58.7561961084,58.7199594948,53.7199594948,63.7561961084,0
372,Renda,Saueressig,66.9055144258,63.5093205749,58.5093205749,71.9055144258,1
373,Rene,Sayler,62.1715841927,64.651981099,59.651981099,67.1715841927,1
374,Renier,Schaffler,55.915306589,72.4463969772,67.4463969772,60.915306589,0
375,Reuben,Schkrebitko,45.2234853497,55.0980443739,50.0980443739,50.2234853497,0
376,Reyes,Schmettkordt,53.1163962405,71.3262985967,66.3262985967,58.1163962405,0
377,Riaz,Schmithusen,58.2859014251,69.5816334692,64.5816334692,63.2859014251,0
378,Rime,Schmittinger,57.4425898456,67.5203793873,62.5203793873,62.4425898456,0
379,Rinaldo,Schoneberg,68.6073187745,51.9962003312,46.9962003312,73.6073187745,1
380,Rishikesh,Schonlein,65.63258424,83.5896455345,78.5896455345,70.63258424,1
381,Rizwan,Schultebraucks,78.305830378,48.6119207388,43.6119207388,83.305830378,1
382,Rkiya,Selfa,56.3447288923,72.0039866613,67.0039866613,61.3447288923,0
383,Roldan,Sellier,65.1068574006,51.3941460451,46.3941460451,70.1068574006,1
384,Romaysaa,Serondo,72.7167758245,77.7037808424,72.7037808424,77.7167758245,1
385,Romualdas,Serralha,68.2037425539,61.9873049491,56.9873049491,73.2037425539,1
386,Rosalvina,Shahanov,64.884462723,64.1188213835,59.1188213835,69.884462723,1
387,Roselee,Shakhin,63.8828438872,75.4847293547,70.4847293547,68.8828438872,1
388,Rosi,Shalai,85.0125319173,36.9037579233,31.9037579233,90.0125319173,1
389,Rosinda,Shan'Gin,57.0671260778,73.7053650904,68.7053650904,62.0671260778,0
390,Rosita,Sharpe,60.3511696396,66.8724878846,61.8724878846,65.3511696396,1
391,Rubi,Shashank,61.6619115705,66.5472650143,61.5472650143,66.6619115705,1
392,Ruiying,Shel,60.4747806755,52.7315301792,47.7315301792,65.4747806755,1
393,Ryszard,Shteyn,68.0621296668,63.1168843119,58.1168843119,73.0621296668,1
394,Sadia,Sica,64.5520227417,72.7799913307,67.7799913307,69.5520227417,1
395,Saed,Sinduvalli,66.6430424632,60.2685976698,55.2685976698,71.6430424632,1
396,Saghir,Smits,46.8143942351,65.8176329752,60.8176329752,51.8143942351,0
397,Sajid,Soeiro,63.3971912626,70.7757074089,65.7757074089,68.3971912626,1
398,Sajida,Solipa,48.2668043884,49.1458440415,44.1458440415,53.2668043884,0
399,Saleta,Solozabal,60.2721197189,63.2689151737,58.2689151737,65.2721197189,1
400,Salifu,Sonso,49.0150618617,64.2095142861,59.2095142861,54.0150618617,0
401,Salima,Soroeta,55.2233739165,68.3428897336,63.3428897336,60.2233739165,0
402,Samaira,Sorrosal,54.5101374544,55.4162723361,50.4162723361,59.5101374544,0
403,Sammy,Sparkes,61.3340394074,78.2329140433,73.2329140433,66.3340394074,1
404,Saroa,Stefanini,41.9895402481,72.5218860168,67.5218860168,46.9895402481,0
405,Scherezade,Steinbuck,44.9223996408,57.8702069556,52.8702069556,49.9223996408,0
406,Sergei,Stendle,69.632731023,56.1840899139,51.1840899139,74.632731023,1
407,Serguey,Stoppa,58.272963704,40.7108078426,35.7108078426,63.272963704,0
408,Severiana,Storcks,60.4317031951,41.7074017056,36.7074017056,65.4317031951,1
409,Seymour,Straet,69.1626386279,66.1799368292,61.1799368292,74.1626386279,1
410,Sezgin,Sumnick,57.1733204891,73.6326215643,68.6326215643,62.1733204891,0
411,Shaiel,Surdo,40.7219117991,83.52810391,78.52810391,45.7219117991,0
412,Shalva,Swar,59.1303490855,51.1734036696,46.1734036696,64.1303490855,0
413,Shanika,Tadhgan,54.287683137,65.1774850986,60.1774850986,59.287683137,0
414,Shari,Tamborini,47.962925372,51.5032715508,46.5032715508,52.962925372,0
415,Sharron,Tchekin,60.1728028642,84.0366624164,79.0366624164,65.1728028642,1
416,Shaunda,Terhorne,59.2091807541,69.1669128585,64.1669128585,64.2091807541,0
417,Shawnda,Thives,67.741357777,55.1790991677,50.1790991677,72.741357777,1
418,Shenna,Thurman,64.9571854475,69.6949092039,64.6949092039,69.9571854475,1
419,Sidonio,Tikhmenev,64.4008227157,77.3509270529,72.3509270529,69.4008227157,1
420,Silke,Tillman,60.9170682201,72.7427019966,67.7427019966,65.9170682201,1
421,Sinesio,Timerbulatov,72.0888797839,56.2144561989,51.2144561989,77.0888797839,1
422,Siria,Timirev,54.1911820248,73.5338339963,68.5338339963,59.1911820248,0
423,Stefani,Tirador,56.8360044424,61.8830800463,56.8830800463,61.8360044424,0
424,Stuart,Tischendorf,67.1249762021,69.516445961,64.516445961,72.1249762021,1
425,Suhua,Todtenhofer,62.2252593389,60.6787949362,55.6787949362,67.2252593389,1
426,Sukhvinder,Trinidad,65.6946898637,40.6734815461,35.6734815461,70.6946898637,1
427,Tabare,Trollack,53.8291532026,70.5470376276,65.5470376276,58.8291532026,0
428,Tahra,Troncoo,70.3104128482,81.9607942958,76.9607942958,75.3104128482,1
429,Talat,Truyol,72.149465887,50.770232989,45.770232989,77.149465887,1
430,Tandra,Tselikovsky,56.6384517479,83.6027918547,78.6027918547,61.6384517479,0
431,Tandy,Tzaplinsky,51.5485230962,38.8200410794,33.8200410794,56.5485230962,0
432,Tao,Uberti,65.3642437753,72.158108848,67.158108848,70.3642437753,1
433,Tarah,Ulayar,66.1229807708,61.7556643286,56.7556643286,71.1229807708,1
434,Tareixa,Ulrich,46.8077721944,59.3353648404,54.3353648404,51.8077721944,0
435,Telma,Universo,58.1518509017,62.6267386194,57.6267386194,63.1518509017,0
436,Texenen,Unver,67.5113716098,75.7187811431,70.7187811431,72.5113716098,1
437,Thao,Unzaga,56.824771677,62.8988504528,57.8988504528,61.824771677,0
438,Thaynara,Urkiaga,45.3187693271,67.9027510472,62.9027510472,50.3187693271,0
439,Thelma,Usclade,53.1790367154,56.8343158884,51.8343158884,58.1790367154,0
440,Tien,Usunsolo,62.9667389812,72.8908451607,67.8908451607,67.9667389812,1
441,Till,Valerius,41.4794074047,49.0686136164,44.0686136164,46.4794074047,0
442,Timofey,Valikhanov,44.7753409574,62.240190415,57.240190415,49.7753409574,0
443,Timoteo,Vallecillo,74.0161787378,81.0283504823,76.0283504823,79.0161787378,1
444,Tolentino,Valshin,54.7229630838,64.5095541442,59.5095541442,59.7229630838,0
445,Tracie,Vannovsky,60.5958005383,63.8553886469,58.8553886469,65.5958005383,1
446,Tyson,Vasiliu,42.0958609337,42.948269985,37.948269985,47.0958609337,0
447,Ula,Vavulin,65.5564714403,68.4793065886,63.4793065886,70.5564714403,1
448,Urias,Velosa,68.883348379,64.9915355515,59.9915355515,73.883348379,1
449,Ursicino,Velusamy,73.5402792312,69.4161713356,64.4161713356,78.5402792312,1
450,Usman,Venktesh,61.550383748,44.9908379152,39.9908379152,66.550383748,1
451,Vaiva,Verger,54.9531129845,67.5958723084,62.5958723084,59.9531129845,0
452,Valeri,Vergueira,83.0357838291,57.0949128868,52.0949128868,88.0357838291,1
453,Valeriana,Verona,69.2776196356,77.268411789,72.268411789,74.2776196356,1
454,Valeriu,Vinci,49.5598527733,61.7835924717,56.7835924717,54.5598527733,0
455,Valme,Virichev,54.7993811705,73.8239507185,68.8239507185,59.7993811705,0
456,Vanja,Voskuhl,62.2107012488,65.3955514582,60.3955514582,67.2107012488,1
457,Velichka,Waghorn,59.6270174923,59.3650736892,54.3650736892,64.6270174923,0
458,Viktoriia,Wallrafen,56.9681883947,49.182876625,44.182876625,61.9681883947,0
459,Vilson,Warmbrunn,71.6830466852,52.7142924006,47.7142924006,76.6830466852,1
460,Vlado,Waterlot,55.2496291416,73.1299323666,68.1299323666,60.2496291416,0
461,Volodymyr,Wears,48.3668143132,58.3171004656,53.3171004656,53.3668143132,0
462,Wandifa,Webb,41.4456528122,64.6375073057,59.6375073057,46.4456528122,0
463,Wenjuan,Webber,45.2667056451,60.5610179972,55.5610179972,50.2667056451,0
464,Wenwu,Welder,56.9426914648,59.5543792961,54.5543792961,61.9426914648,0
465,Wenyuan,Werndel,61.2484380184,57.1268349729,52.1268349729,66.2484380184,1
466,Wiley,Wershofen,67.6289444831,78.6310942049,73.6310942049,72.6289444831,1
467,Xeila,Werthmann,48.4109310575,74.9271812969,69.9271812969,53.4109310575,0
468,Xianfen,Wesner,51.955814438,52.8675255066,47.8675255066,56.955814438,0
469,Xiangmei,Wesolek,53.6893781875,71.8755634745,66.8755634745,58.6893781875,0
470,Xianmin,Willeken,62.9173409005,64.7264937259,59.7264937259,67.9173409005,1
471,Xiaolei,Wischrop,40.3199017322,71.8398430788,66.8398430788,45.3199017322,0
472,Xiaoqiong,Witschel,66.6692538778,65.8906625378,60.8906625378,71.6692538778,1
473,Xiaoqiu,Wittmayer,68.3246476762,53.4011844977,48.4011844977,73.3246476762,1
474,Xiuying,Wricke,81.1800778961,75.1790758907,70.1790758907,86.1800778961,1
475,Xuban,Wroblewsk,61.9614276777,64.3202365787,59.3202365787,66.9614276777,1
476,Xuyan,Wuchepfenning,60.4988667693,72.5813600903,67.5813600903,65.4988667693,1
477,Yamel,Yachmentsev,61.1220991814,55.4117979877,50.4117979877,66.1220991814,1
478,Yaneli,Yakimets,60.4512518205,70.6131063613,65.6131063613,65.4512518205,1
479,Yanet,Yakovuk,52.3392429136,76.8656158615,71.8656158615,57.3392429136,0
480,Yanin,Yakunichev,67.3057072852,69.3142959568,64.3142959568,72.3057072852,1
481,Yara,Yatskov,62.1686317448,59.8655631659,54.8655631659,67.1686317448,1
482,Yarima,Younis,52.2529161539,69.6689956254,64.6689956254,57.2529161539,0
483,Yawad,Yraola,52.176508854,71.4065884343,66.4065884343,57.176508854,0
484,Yicheng,Yrisarri,65.538529722,61.3107525582,56.3107525582,70.538529722,1
485,Yiran,Yuzvishin,35.2054381283,78.2074296789,73.2074296789,40.2054381283,0
486,Yoania,Zahia,48.0970768574,63.6307576326,58.6307576326,53.0970768574,0
487,Yoko,Zapff,55.3712391179,76.3814209273,71.3814209273,60.3712391179,0
488,Yorlady,Zasukhin,56.5221462215,66.1173481751,61.1173481751,61.5221462215,0
489,Yuehua,Zhinov,40.7657579674,67.7831044811,62.7831044811,45.7657579674,0
490,Yufang,Zhivkova,45.8855600954,69.1708791215,64.1708791215,50.8855600954,0
491,Yuhan,Zidane,70.0240271909,59.9405607891,54.9405607891,75.0240271909,1
492,Yuliia,Zieman,53.5556714445,49.5271936629,44.5271936629,58.5556714445,0
493,Zahira,Zijlstra,67.8388161572,67.8206063019,62.8206063019,72.8388161572,1
494,Zelai,Zong,48.541606941,56.309705013,51.309705013,53.541606941,0
495,Zenaida,Zuasti,77.9133068107,54.5914343502,49.5914343502,82.9133068107,1
496,Zhiyi,Zumbulte,53.7072938237,56.6111897454,51.6111897454,58.7072938237,0
497,Zilvinas,Zweibruck,71.4570231747,62.0931289506,57.0931289506,76.4570231747,1
498,Zitounia,Neco,65.8581033381,71.1843499788,66.1843499788,70.8581033381,1
499,Zoel,Neco,44.3555412813,65.8031962487,60.8031962487,49.3555412813,0
500,Zuleyma,Neco,61.2510982699,58.6385619237,53.6385619237,66.2510982699,1
501,Jason,Mars,93,88,93,98,1
502,Vishal,Kanteppa,90,93,94,95,1
503,Vishal,P,90,90,90,90,1
